date,headline,score
2025-07-24,"Global inflation surges, more investors allocate Bitcoin as inflation hedging tool",0.0
2025-07-25,"US government bans unregulated crypto trading platforms, Bitcoin price plunges sharply",0.0
2025-07-25,"Large cryptocurrency exchange suffers huge hacker attack, billions of user assets stolen",-0.7506
2025-07-26,Major Wall Street banks launch crypto custody services for institutional clients,0.0
2025-07-27,"EU releases strict crypto regulatory framework, limiting the circulation of digital currencies",0.0
2025-07-27,"Bitcoin market supply and demand remain balanced, short-term price fluctuation is limited",-0.34
2025-07-28,"EU releases strict crypto regulatory framework, limiting the circulation of digital currencies",0.0
2025-07-28,"Fidelity increases Bitcoin holdings in corporate treasury, institutions gradually accept crypto assets",0.6249
2025-07-29,Crypto industry conference held online without releasing new regulatory policies,0.0
2025-07-30,Crypto industry conference held online without releasing new regulatory policies,0.0
2025-07-31,"Bitcoin daily trading volume keeps stable, no obvious bullish or bearish market news",0.0
2025-07-31,"BlackRock spot Bitcoin ETF gains approval from US SEC, massive institutional inflows expected",0.6705
2025-08-01,"BlackRock spot Bitcoin ETF gains approval from US SEC, massive institutional inflows expected",0.6705
2025-08-02,"Large cryptocurrency exchange suffers huge hacker attack, billions of user assets stolen",-0.7506
2025-08-03,"Global inflation surges, more investors allocate Bitcoin as inflation hedging tool",0.0
2025-08-03,Major Wall Street banks launch crypto custody services for institutional clients,0.0
2025-08-04,"BlackRock spot Bitcoin ETF gains approval from US SEC, massive institutional inflows expected",0.6705
2025-08-04,"Bitcoin mining difficulty adjusts normally, the overall market maintains sideways consolidation",-0.34
2025-08-05,"Bitcoin daily trading volume keeps stable, no obvious bullish or bearish market news",0.0
2025-08-05,"Fed raises interest rates sharply, risky assets including Bitcoin face continuous selling pressure",0.1779
2025-08-06,"BlackRock spot Bitcoin ETF gains approval from US SEC, massive institutional inflows expected",0.6705
2025-08-06,"Bitcoin mining difficulty adjusts normally, the overall market maintains sideways consolidation",-0.34
2025-08-07,"US government bans unregulated crypto trading platforms, Bitcoin price plunges sharply",0.0
2025-08-08,Crypto industry conference held online without releasing new regulatory policies,0.0
2025-08-09,"Large cryptocurrency exchange suffers huge hacker attack, billions of user assets stolen",-0.7506
2025-08-10,"Large cryptocurrency exchange suffers huge hacker attack, billions of user assets stolen",-0.7506
2025-08-11,"BlackRock spot Bitcoin ETF gains approval from US SEC, massive institutional inflows expected",0.6705
2025-08-11,"EU releases strict crypto regulatory framework, limiting the circulation of digital currencies",0.0
2025-08-12,"US government bans unregulated crypto trading platforms, Bitcoin price plunges sharply",0.0
2025-08-13,Major Wall Street banks launch crypto custody services for institutional clients,0.0
2025-08-13,"Fidelity increases Bitcoin holdings in corporate treasury, institutions gradually accept crypto assets",0.6249
2025-08-14,"BlackRock spot Bitcoin ETF gains approval from US SEC, massive institutional inflows expected",0.6705
2025-08-14,"Fidelity increases Bitcoin holdings in corporate treasury, institutions gradually accept crypto assets",0.6249
2025-08-15,"Bitcoin market supply and demand remain balanced, short-term price fluctuation is limited",-0.34
2025-08-15,"Bitcoin daily trading volume keeps stable, no obvious bullish or bearish market news",0.0
2025-08-16,Major Wall Street banks launch crypto custody services for institutional clients,0.0
2025-08-17,Major Wall Street banks launch crypto custody services for institutional clients,0.0
2025-08-17,"Global inflation surges, more investors allocate Bitcoin as inflation hedging tool",0.0
2025-08-18,"Fed raises interest rates sharply, risky assets including Bitcoin face continuous selling pressure",0.1779
2025-08-19,"Global inflation surges, more investors allocate Bitcoin as inflation hedging tool",0.0
2025-08-20,"Fed raises interest rates sharply, risky assets including Bitcoin face continuous selling pressure",0.1779
2025-08-20,"EU releases strict crypto regulatory framework, limiting the circulation of digital currencies",0.0
2025-08-21,Crypto industry conference held online without releasing new regulatory policies,0.0
2025-08-22,"Bitcoin daily trading volume keeps stable, no obvious bullish or bearish market news",0.0
2025-08-23,"Large cryptocurrency exchange suffers huge hacker attack, billions of user assets stolen",-0.7506
2025-08-24,"Large cryptocurrency exchange suffers huge hacker attack, billions of user assets stolen",-0.7506
2025-08-24,Major Wall Street banks launch crypto custody services for institutional clients,0.0
2025-08-25,Major Wall Street banks launch crypto custody services for institutional clients,0.0
2025-08-25,"Fed raises interest rates sharply, risky assets including Bitcoin face continuous selling pressure",0.1779
2025-08-26,"Bitcoin market supply and demand remain balanced, short-term price fluctuation is limited",-0.34
2025-08-26,"BlackRock spot Bitcoin ETF gains approval from US SEC, massive institutional inflows expected",0.6705
2025-08-27,"Global inflation surges, more investors allocate Bitcoin as inflation hedging tool",0.0
2025-08-28,"Bitcoin market supply and demand remain balanced, short-term price fluctuation is limited",-0.34
2025-08-28,Crypto industry conference held online without releasing new regulatory policies,0.0
2025-08-29,"EU releases strict crypto regulatory framework, limiting the circulation of digital currencies",0.0
2025-08-30,"Fidelity increases Bitcoin holdings in corporate treasury, institutions gradually accept crypto assets",0.6249
2025-08-30,Major Wall Street banks launch crypto custody services for institutional clients,0.0
2025-08-31,"Fed raises interest rates sharply, risky assets including Bitcoin face continuous selling pressure",0.1779
2025-08-31,"Bitcoin market supply and demand remain balanced, short-term price fluctuation is limited",-0.34
2025-09-01,Major Wall Street banks launch crypto custody services for institutional clients,0.0
2025-09-02,Major Wall Street banks launch crypto custody services for institutional clients,0.0
2025-09-03,"US government bans unregulated crypto trading platforms, Bitcoin price plunges sharply",0.0
2025-09-04,"Fidelity increases Bitcoin holdings in corporate treasury, institutions gradually accept crypto assets",0.6249
2025-09-04,"Fidelity increases Bitcoin holdings in corporate treasury, institutions gradually accept crypto assets",0.6249
2025-09-05,"Global inflation surges, more investors allocate Bitcoin as inflation hedging tool",0.0
2025-09-05,"EU releases strict crypto regulatory framework, limiting the circulation of digital currencies",0.0
2025-09-06,"Fidelity increases Bitcoin holdings in corporate treasury, institutions gradually accept crypto assets",0.6249
2025-09-06,"Bitcoin daily trading volume keeps stable, no obvious bullish or bearish market news",0.0
2025-09-07,"Large cryptocurrency exchange suffers huge hacker attack, billions of user assets stolen",-0.7506
2025-09-07,"Fed raises interest rates sharply, risky assets including Bitcoin face continuous selling pressure",0.1779
2025-09-08,"Fidelity increases Bitcoin holdings in corporate treasury, institutions gradually accept crypto assets",0.6249
2025-09-09,"BlackRock spot Bitcoin ETF gains approval from US SEC, massive institutional inflows expected",0.6705
2025-09-09,"US government bans unregulated crypto trading platforms, Bitcoin price plunges sharply",0.0
2025-09-10,"Bitcoin daily trading volume keeps stable, no obvious bullish or bearish market news",0.0
2025-09-11,"Bitcoin mining difficulty adjusts normally, the overall market maintains sideways consolidation",-0.34
2025-09-12,"Global inflation surges, more investors allocate Bitcoin as inflation hedging tool",0.0
2025-09-13,Crypto industry conference held online without releasing new regulatory policies,0.0
2025-09-13,"BlackRock spot Bitcoin ETF gains approval from US SEC, massive institutional inflows expected",0.6705
2025-09-14,"Fed raises interest rates sharply, risky assets including Bitcoin face continuous selling pressure",0.1779
2025-09-15,"Fidelity increases Bitcoin holdings in corporate treasury, institutions gradually accept crypto assets",0.6249
2025-09-15,Major Wall Street banks launch crypto custody services for institutional clients,0.0
2025-09-16,"Fidelity increases Bitcoin holdings in corporate treasury, institutions gradually accept crypto assets",0.6249
2025-09-16,"Bitcoin daily trading volume keeps stable, no obvious bullish or bearish market news",0.0
2025-09-17,"Bitcoin market supply and demand remain balanced, short-term price fluctuation is limited",-0.34
2025-09-18,"Bitcoin mining difficulty adjusts normally, the overall market maintains sideways consolidation",-0.34
2025-09-18,"Bitcoin daily trading volume keeps stable, no obvious bullish or bearish market news",0.0
2025-09-19,Major Wall Street banks launch crypto custody services for institutional clients,0.0
2025-09-19,"Bitcoin market supply and demand remain balanced, short-term price fluctuation is limited",-0.34
2025-09-20,"Fidelity increases Bitcoin holdings in corporate treasury, institutions gradually accept crypto assets",0.6249
2025-09-21,"Fidelity increases Bitcoin holdings in corporate treasury, institutions gradually accept crypto assets",0.6249
2025-09-21,"Fidelity increases Bitcoin holdings in corporate treasury, institutions gradually accept crypto assets",0.6249
2025-09-22,"Global inflation surges, more investors allocate Bitcoin as inflation hedging tool",0.0
2025-09-22,"Fidelity increases Bitcoin holdings in corporate treasury, institutions gradually accept crypto assets",0.6249
2025-09-23,"Fidelity increases Bitcoin holdings in corporate treasury, institutions gradually accept crypto assets",0.6249
2025-09-23,"US government bans unregulated crypto trading platforms, Bitcoin price plunges sharply",0.0
2025-09-24,"Fed raises interest rates sharply, risky assets including Bitcoin face continuous selling pressure",0.1779
2025-09-24,"EU releases strict crypto regulatory framework, limiting the circulation of digital currencies",0.0
2025-09-25,"Fed raises interest rates sharply, risky assets including Bitcoin face continuous selling pressure",0.1779
2025-09-25,"EU releases strict crypto regulatory framework, limiting the circulation of digital currencies",0.0
2025-09-26,"Bitcoin mining difficulty adjusts normally, the overall market maintains sideways consolidation",-0.34
2025-09-26,"EU releases strict crypto regulatory framework, limiting the circulation of digital currencies",0.0
2025-09-27,"BlackRock spot Bitcoin ETF gains approval from US SEC, massive institutional inflows expected",0.6705
2025-09-27,"Bitcoin market supply and demand remain balanced, short-term price fluctuation is limited",-0.34
2025-09-28,"Bitcoin daily trading volume keeps stable, no obvious bullish or bearish market news",0.0
2025-09-28,"Bitcoin daily trading volume keeps stable, no obvious bullish or bearish market news",0.0
2025-09-29,"Bitcoin market supply and demand remain balanced, short-term price fluctuation is limited",-0.34
2025-09-29,"Fed raises interest rates sharply, risky assets including Bitcoin face continuous selling pressure",0.1779
2025-09-30,"Bitcoin mining difficulty adjusts normally, the overall market maintains sideways consolidation",-0.34
2025-09-30,"EU releases strict crypto regulatory framework, limiting the circulation of digital currencies",0.0
2025-10-01,"EU releases strict crypto regulatory framework, limiting the circulation of digital currencies",0.0
2025-10-01,Crypto industry conference held online without releasing new regulatory policies,0.0
2025-10-02,Major Wall Street banks launch crypto custody services for institutional clients,0.0
2025-10-02,"Fed raises interest rates sharply, risky assets including Bitcoin face continuous selling pressure",0.1779
2025-10-03,Crypto industry conference held online without releasing new regulatory policies,0.0
2025-10-03,"Fed raises interest rates sharply, risky assets including Bitcoin face continuous selling pressure",0.1779
2025-10-04,"Bitcoin mining difficulty adjusts normally, the overall market maintains sideways consolidation",-0.34
2025-10-05,"EU releases strict crypto regulatory framework, limiting the circulation of digital currencies",0.0
2025-10-05,"Bitcoin daily trading volume keeps stable, no obvious bullish or bearish market news",0.0
2025-10-06,"Fed raises interest rates sharply, risky assets including Bitcoin face continuous selling pressure",0.1779
2025-10-06,Major Wall Street banks launch crypto custody services for institutional clients,0.0
2025-10-07,"BlackRock spot Bitcoin ETF gains approval from US SEC, massive institutional inflows expected",0.6705
2025-10-08,"Fidelity increases Bitcoin holdings in corporate treasury, institutions gradually accept crypto assets",0.6249
2025-10-09,"EU releases strict crypto regulatory framework, limiting the circulation of digital currencies",0.0
2025-10-10,"Large cryptocurrency exchange suffers huge hacker attack, billions of user assets stolen",-0.7506
2025-10-11,"Fed raises interest rates sharply, risky assets including Bitcoin face continuous selling pressure",0.1779
2025-10-12,"US government bans unregulated crypto trading platforms, Bitcoin price plunges sharply",0.0
2025-10-13,"Fidelity increases Bitcoin holdings in corporate treasury, institutions gradually accept crypto assets",0.6249
2025-10-13,"US government bans unregulated crypto trading platforms, Bitcoin price plunges sharply",0.0
2025-10-14,"Fidelity increases Bitcoin holdings in corporate treasury, institutions gradually accept crypto assets",0.6249
2025-10-14,"Fed raises interest rates sharply, risky assets including Bitcoin face continuous selling pressure",0.1779
2025-10-15,"Large cryptocurrency exchange suffers huge hacker attack, billions of user assets stolen",-0.7506
2025-10-16,"Fidelity increases Bitcoin holdings in corporate treasury, institutions gradually accept crypto assets",0.6249
2025-10-17,"Global inflation surges, more investors allocate Bitcoin as inflation hedging tool",0.0
2025-10-17,"Bitcoin mining difficulty adjusts normally, the overall market maintains sideways consolidation",-0.34
2025-10-18,"Bitcoin daily trading volume keeps stable, no obvious bullish or bearish market news",0.0
2025-10-18,"Fidelity increases Bitcoin holdings in corporate treasury, institutions gradually accept crypto assets",0.6249
2025-10-19,"BlackRock spot Bitcoin ETF gains approval from US SEC, massive institutional inflows expected",0.6705
2025-10-20,"Fidelity increases Bitcoin holdings in corporate treasury, institutions gradually accept crypto assets",0.6249
2025-10-21,"Bitcoin market supply and demand remain balanced, short-term price fluctuation is limited",-0.34
2025-10-22,"Fidelity increases Bitcoin holdings in corporate treasury, institutions gradually accept crypto assets",0.6249
2025-10-22,"Fidelity increases Bitcoin holdings in corporate treasury, institutions gradually accept crypto assets",0.6249
2025-10-23,"Bitcoin daily trading volume keeps stable, no obvious bullish or bearish market news",0.0
2025-10-23,"Fidelity increases Bitcoin holdings in corporate treasury, institutions gradually accept crypto assets",0.6249
2025-10-24,Major Wall Street banks launch crypto custody services for institutional clients,0.0
2025-10-25,"Large cryptocurrency exchange suffers huge hacker attack, billions of user assets stolen",-0.7506
2025-10-26,"US government bans unregulated crypto trading platforms, Bitcoin price plunges sharply",0.0
2025-10-26,"BlackRock spot Bitcoin ETF gains approval from US SEC, massive institutional inflows expected",0.6705
2025-10-27,"Bitcoin market supply and demand remain balanced, short-term price fluctuation is limited",-0.34
2025-10-28,"EU releases strict crypto regulatory framework, limiting the circulation of digital currencies",0.0
2025-10-28,"Large cryptocurrency exchange suffers huge hacker attack, billions of user assets stolen",-0.7506
2025-10-29,"Bitcoin daily trading volume keeps stable, no obvious bullish or bearish market news",0.0
2025-10-29,"Bitcoin market supply and demand remain balanced, short-term price fluctuation is limited",-0.34
2025-10-30,Major Wall Street banks launch crypto custody services for institutional clients,0.0
2025-10-31,"BlackRock spot Bitcoin ETF gains approval from US SEC, massive institutional inflows expected",0.6705
2025-11-01,"EU releases strict crypto regulatory framework, limiting the circulation of digital currencies",0.0
2025-11-01,"US government bans unregulated crypto trading platforms, Bitcoin price plunges sharply",0.0
2025-11-02,"Fed raises interest rates sharply, risky assets including Bitcoin face continuous selling pressure",0.1779
2025-11-02,"Global inflation surges, more investors allocate Bitcoin as inflation hedging tool",0.0
2025-11-03,"BlackRock spot Bitcoin ETF gains approval from US SEC, massive institutional inflows expected",0.6705
2025-11-04,"US government bans unregulated crypto trading platforms, Bitcoin price plunges sharply",0.0
2025-11-05,"Bitcoin daily trading volume keeps stable, no obvious bullish or bearish market news",0.0
2025-11-05,"Fidelity increases Bitcoin holdings in corporate treasury, institutions gradually accept crypto assets",0.6249
2025-11-06,"Bitcoin mining difficulty adjusts normally, the overall market maintains sideways consolidation",-0.34
2025-11-07,"US government bans unregulated crypto trading platforms, Bitcoin price plunges sharply",0.0
2025-11-08,Major Wall Street banks launch crypto custody services for institutional clients,0.0
2025-11-08,"US government bans unregulated crypto trading platforms, Bitcoin price plunges sharply",0.0
2025-11-09,Major Wall Street banks launch crypto custody services for institutional clients,0.0
2025-11-09,"EU releases strict crypto regulatory framework, limiting the circulation of digital currencies",0.0
2025-11-10,"EU releases strict crypto regulatory framework, limiting the circulation of digital currencies",0.0
2025-11-11,"BlackRock spot Bitcoin ETF gains approval from US SEC, massive institutional inflows expected",0.6705
2025-11-12,Major Wall Street banks launch crypto custody services for institutional clients,0.0
2025-11-12,Crypto industry conference held online without releasing new regulatory policies,0.0
2025-11-13,"BlackRock spot Bitcoin ETF gains approval from US SEC, massive institutional inflows expected",0.6705
2025-11-14,Crypto industry conference held online without releasing new regulatory policies,0.0
2025-11-14,"EU releases strict crypto regulatory framework, limiting the circulation of digital currencies",0.0
2025-11-15,"US government bans unregulated crypto trading platforms, Bitcoin price plunges sharply",0.0
2025-11-16,"US government bans unregulated crypto trading platforms, Bitcoin price plunges sharply",0.0
2025-11-17,"Bitcoin mining difficulty adjusts normally, the overall market maintains sideways consolidation",-0.34
2025-11-17,"Bitcoin mining difficulty adjusts normally, the overall market maintains sideways consolidation",-0.34
2025-11-18,"Global inflation surges, more investors allocate Bitcoin as inflation hedging tool",0.0
2025-11-18,"US government bans unregulated crypto trading platforms, Bitcoin price plunges sharply",0.0
2025-11-19,"Large cryptocurrency exchange suffers huge hacker attack, billions of user assets stolen",-0.7506
2025-11-19,"Bitcoin mining difficulty adjusts normally, the overall market maintains sideways consolidation",-0.34
2025-11-20,Crypto industry conference held online without releasing new regulatory policies,0.0
2025-11-21,"Bitcoin daily trading volume keeps stable, no obvious bullish or bearish market news",0.0
2025-11-22,"Bitcoin mining difficulty adjusts normally, the overall market maintains sideways consolidation",-0.34
2025-11-23,"EU releases strict crypto regulatory framework, limiting the circulation of digital currencies",0.0
2025-11-24,"EU releases strict crypto regulatory framework, limiting the circulation of digital currencies",0.0
2025-11-25,"BlackRock spot Bitcoin ETF gains approval from US SEC, massive institutional inflows expected",0.6705
2025-11-26,"Fidelity increases Bitcoin holdings in corporate treasury, institutions gradually accept crypto assets",0.6249
2025-11-26,"US government bans unregulated crypto trading platforms, Bitcoin price plunges sharply",0.0
2025-11-27,"Bitcoin mining difficulty adjusts normally, the overall market maintains sideways consolidation",-0.34
2025-11-27,"US government bans unregulated crypto trading platforms, Bitcoin price plunges sharply",0.0
2025-11-28,"Fidelity increases Bitcoin holdings in corporate treasury, institutions gradually accept crypto assets",0.6249
2025-11-29,"Global inflation surges, more investors allocate Bitcoin as inflation hedging tool",0.0
2025-11-30,"Bitcoin mining difficulty adjusts normally, the overall market maintains sideways consolidation",-0.34
2025-11-30,"Fed raises interest rates sharply, risky assets including Bitcoin face continuous selling pressure",0.1779
2025-12-01,Crypto industry conference held online without releasing new regulatory policies,0.0
2025-12-01,"Fed raises interest rates sharply, risky assets including Bitcoin face continuous selling pressure",0.1779
2025-12-02,"Global inflation surges, more investors allocate Bitcoin as inflation hedging tool",0.0
2025-12-03,"EU releases strict crypto regulatory framework, limiting the circulation of digital currencies",0.0
2025-12-04,"Fed raises interest rates sharply, risky assets including Bitcoin face continuous selling pressure",0.1779
2025-12-05,Crypto industry conference held online without releasing new regulatory policies,0.0
2025-12-05,Major Wall Street banks launch crypto custody services for institutional clients,0.0
2025-12-06,"Bitcoin daily trading volume keeps stable, no obvious bullish or bearish market news",0.0
2025-12-07,Major Wall Street banks launch crypto custody services for institutional clients,0.0
2025-12-08,Crypto industry conference held online without releasing new regulatory policies,0.0
2025-12-09,"US government bans unregulated crypto trading platforms, Bitcoin price plunges sharply",0.0
2025-12-10,"Global inflation surges, more investors allocate Bitcoin as inflation hedging tool",0.0
2025-12-10,"Fidelity increases Bitcoin holdings in corporate treasury, institutions gradually accept crypto assets",0.6249
2025-12-11,"Bitcoin mining difficulty adjusts normally, the overall market maintains sideways consolidation",-0.34
2025-12-11,"Bitcoin market supply and demand remain balanced, short-term price fluctuation is limited",-0.34
2025-12-12,"Global inflation surges, more investors allocate Bitcoin as inflation hedging tool",0.0
2025-12-13,"Bitcoin daily trading volume keeps stable, no obvious bullish or bearish market news",0.0
2025-12-14,"US government bans unregulated crypto trading platforms, Bitcoin price plunges sharply",0.0
2025-12-15,"Large cryptocurrency exchange suffers huge hacker attack, billions of user assets stolen",-0.7506
2025-12-15,"Bitcoin daily trading volume keeps stable, no obvious bullish or bearish market news",0.0
2025-12-16,"EU releases strict crypto regulatory framework, limiting the circulation of digital currencies",0.0
2025-12-17,"Bitcoin market supply and demand remain balanced, short-term price fluctuation is limited",-0.34
2025-12-17,"Bitcoin daily trading volume keeps stable, no obvious bullish or bearish market news",0.0
2025-12-18,"Bitcoin mining difficulty adjusts normally, the overall market maintains sideways consolidation",-0.34
2025-12-18,Crypto industry conference held online without releasing new regulatory policies,0.0
2025-12-19,"Bitcoin market supply and demand remain balanced, short-term price fluctuation is limited",-0.34
2025-12-20,"Fed raises interest rates sharply, risky assets including Bitcoin face continuous selling pressure",0.1779
2025-12-20,Major Wall Street banks launch crypto custody services for institutional clients,0.0
2025-12-21,"Bitcoin daily trading volume keeps stable, no obvious bullish or bearish market news",0.0
2025-12-22,"Bitcoin market supply and demand remain balanced, short-term price fluctuation is limited",-0.34
2025-12-23,Crypto industry conference held online without releasing new regulatory policies,0.0
2025-12-23,"Bitcoin mining difficulty adjusts normally, the overall market maintains sideways consolidation",-0.34
2025-12-24,"Fed raises interest rates sharply, risky assets including Bitcoin face continuous selling pressure",0.1779
2025-12-25,"Bitcoin mining difficulty adjusts normally, the overall market maintains sideways consolidation",-0.34
2025-12-26,"Fed raises interest rates sharply, risky assets including Bitcoin face continuous selling pressure",0.1779
2025-12-26,"Global inflation surges, more investors allocate Bitcoin as inflation hedging tool",0.0
2025-12-27,Major Wall Street banks launch crypto custody services for institutional clients,0.0
2025-12-28,"BlackRock spot Bitcoin ETF gains approval from US SEC, massive institutional inflows expected",0.6705
2025-12-29,"BlackRock spot Bitcoin ETF gains approval from US SEC, massive institutional inflows expected",0.6705
2025-12-29,"Fed raises interest rates sharply, risky assets including Bitcoin face continuous selling pressure",0.1779
2025-12-30,"Bitcoin daily trading volume keeps stable, no obvious bullish or bearish market news",0.0
2025-12-30,"US government bans unregulated crypto trading platforms, Bitcoin price plunges sharply",0.0
2025-12-31,"US government bans unregulated crypto trading platforms, Bitcoin price plunges sharply",0.0
2026-01-01,"Bitcoin market supply and demand remain balanced, short-term price fluctuation is limited",-0.34
2026-01-02,"Global inflation surges, more investors allocate Bitcoin as inflation hedging tool",0.0
2026-01-03,"BlackRock spot Bitcoin ETF gains approval from US SEC, massive institutional inflows expected",0.6705
2026-01-04,Major Wall Street banks launch crypto custody services for institutional clients,0.0
2026-01-05,"Fidelity increases Bitcoin holdings in corporate treasury, institutions gradually accept crypto assets",0.6249
2026-01-05,"Large cryptocurrency exchange suffers huge hacker attack, billions of user assets stolen",-0.7506
2026-01-06,Crypto industry conference held online without releasing new regulatory policies,0.0
2026-01-06,"Large cryptocurrency exchange suffers huge hacker attack, billions of user assets stolen",-0.7506
2026-01-07,Crypto industry conference held online without releasing new regulatory policies,0.0
2026-01-08,Crypto industry conference held online without releasing new regulatory policies,0.0
2026-01-08,"US government bans unregulated crypto trading platforms, Bitcoin price plunges sharply",0.0
2026-01-09,"Global inflation surges, more investors allocate Bitcoin as inflation hedging tool",0.0
2026-01-09,"Bitcoin market supply and demand remain balanced, short-term price fluctuation is limited",-0.34
2026-01-10,"Fed raises interest rates sharply, risky assets including Bitcoin face continuous selling pressure",0.1779
2026-01-10,"Fed raises interest rates sharply, risky assets including Bitcoin face continuous selling pressure",0.1779
2026-01-11,"Bitcoin market supply and demand remain balanced, short-term price fluctuation is limited",-0.34
2026-01-11,"BlackRock spot Bitcoin ETF gains approval from US SEC, massive institutional inflows expected",0.6705
2026-01-12,"Global inflation surges, more investors allocate Bitcoin as inflation hedging tool",0.0
2026-01-12,"Large cryptocurrency exchange suffers huge hacker attack, billions of user assets stolen",-0.7506
2026-01-13,"Bitcoin daily trading volume keeps stable, no obvious bullish or bearish market news",0.0
2026-01-13,Crypto industry conference held online without releasing new regulatory policies,0.0
2026-01-14,"Bitcoin market supply and demand remain balanced, short-term price fluctuation is limited",-0.34
2026-01-15,"BlackRock spot Bitcoin ETF gains approval from US SEC, massive institutional inflows expected",0.6705
2026-01-15,"Bitcoin mining difficulty adjusts normally, the overall market maintains sideways consolidation",-0.34
2026-01-16,"Global inflation surges, more investors allocate Bitcoin as inflation hedging tool",0.0
2026-01-17,"Global inflation surges, more investors allocate Bitcoin as inflation hedging tool",0.0
2026-01-17,"Fidelity increases Bitcoin holdings in corporate treasury, institutions gradually accept crypto assets",0.6249
2026-01-18,"US government bans unregulated crypto trading platforms, Bitcoin price plunges sharply",0.0
2026-01-19,"Bitcoin mining difficulty adjusts normally, the overall market maintains sideways consolidation",-0.34
2026-01-20,Crypto industry conference held online without releasing new regulatory policies,0.0
2026-01-20,"Fed raises interest rates sharply, risky assets including Bitcoin face continuous selling pressure",0.1779
2026-01-21,Major Wall Street banks launch crypto custody services for institutional clients,0.0
2026-01-21,Major Wall Street banks launch crypto custody services for institutional clients,0.0
2026-01-22,"Bitcoin market supply and demand remain balanced, short-term price fluctuation is limited",-0.34
2026-01-23,"Bitcoin market supply and demand remain balanced, short-term price fluctuation is limited",-0.34
2026-01-24,"Fidelity increases Bitcoin holdings in corporate treasury, institutions gradually accept crypto assets",0.6249
2026-01-24,Crypto industry conference held online without releasing new regulatory policies,0.0
2026-01-25,"Bitcoin mining difficulty adjusts normally, the overall market maintains sideways consolidation",-0.34
2026-01-26,"Bitcoin market supply and demand remain balanced, short-term price fluctuation is limited",-0.34
2026-01-27,"Bitcoin mining difficulty adjusts normally, the overall market maintains sideways consolidation",-0.34
2026-01-28,Major Wall Street banks launch crypto custody services for institutional clients,0.0
2026-01-29,Major Wall Street banks launch crypto custody services for institutional clients,0.0
2026-01-29,"US government bans unregulated crypto trading platforms, Bitcoin price plunges sharply",0.0
2026-01-30,"Bitcoin mining difficulty adjusts normally, the overall market maintains sideways consolidation",-0.34
2026-01-30,"Large cryptocurrency exchange suffers huge hacker attack, billions of user assets stolen",-0.7506
2026-01-31,"EU releases strict crypto regulatory framework, limiting the circulation of digital currencies",0.0
2026-01-31,"Fed raises interest rates sharply, risky assets including Bitcoin face continuous selling pressure",0.1779
2026-02-01,Crypto industry conference held online without releasing new regulatory policies,0.0
2026-02-01,Crypto industry conference held online without releasing new regulatory policies,0.0
2026-02-02,"Bitcoin mining difficulty adjusts normally, the overall market maintains sideways consolidation",-0.34
2026-02-02,Crypto industry conference held online without releasing new regulatory policies,0.0
2026-02-03,"US government bans unregulated crypto trading platforms, Bitcoin price plunges sharply",0.0
2026-02-03,"Bitcoin daily trading volume keeps stable, no obvious bullish or bearish market news",0.0
2026-02-04,"Fed raises interest rates sharply, risky assets including Bitcoin face continuous selling pressure",0.1779
2026-02-05,"Large cryptocurrency exchange suffers huge hacker attack, billions of user assets stolen",-0.7506
2026-02-06,"EU releases strict crypto regulatory framework, limiting the circulation of digital currencies",0.0
2026-02-06,"BlackRock spot Bitcoin ETF gains approval from US SEC, massive institutional inflows expected",0.6705
2026-02-07,"Bitcoin mining difficulty adjusts normally, the overall market maintains sideways consolidation",-0.34
2026-02-08,Major Wall Street banks launch crypto custody services for institutional clients,0.0
2026-02-09,"Global inflation surges, more investors allocate Bitcoin as inflation hedging tool",0.0
2026-02-10,Crypto industry conference held online without releasing new regulatory policies,0.0
2026-02-10,"Fidelity increases Bitcoin holdings in corporate treasury, institutions gradually accept crypto assets",0.6249
2026-02-11,"Bitcoin market supply and demand remain balanced, short-term price fluctuation is limited",-0.34
2026-02-12,"EU releases strict crypto regulatory framework, limiting the circulation of digital currencies",0.0
2026-02-12,"Fed raises interest rates sharply, risky assets including Bitcoin face continuous selling pressure",0.1779
2026-02-13,"Bitcoin mining difficulty adjusts normally, the overall market maintains sideways consolidation",-0.34
2026-02-13,"EU releases strict crypto regulatory framework, limiting the circulation of digital currencies",0.0
2026-02-14,"Fed raises interest rates sharply, risky assets including Bitcoin face continuous selling pressure",0.1779
2026-02-15,"Bitcoin daily trading volume keeps stable, no obvious bullish or bearish market news",0.0
2026-02-16,"Fed raises interest rates sharply, risky assets including Bitcoin face continuous selling pressure",0.1779
2026-02-16,Major Wall Street banks launch crypto custody services for institutional clients,0.0
2026-02-17,"BlackRock spot Bitcoin ETF gains approval from US SEC, massive institutional inflows expected",0.6705
2026-02-18,"Bitcoin market supply and demand remain balanced, short-term price fluctuation is limited",-0.34
2026-02-19,"Fed raises interest rates sharply, risky assets including Bitcoin face continuous selling pressure",0.1779
2026-02-19,"US government bans unregulated crypto trading platforms, Bitcoin price plunges sharply",0.0
2026-02-20,"BlackRock spot Bitcoin ETF gains approval from US SEC, massive institutional inflows expected",0.6705
2026-02-20,"Fed raises interest rates sharply, risky assets including Bitcoin face continuous selling pressure",0.1779
2026-02-21,"BlackRock spot Bitcoin ETF gains approval from US SEC, massive institutional inflows expected",0.6705
2026-02-22,"US government bans unregulated crypto trading platforms, Bitcoin price plunges sharply",0.0
2026-02-22,"EU releases strict crypto regulatory framework, limiting the circulation of digital currencies",0.0
2026-02-23,"US government bans unregulated crypto trading platforms, Bitcoin price plunges sharply",0.0
2026-02-24,"Bitcoin market supply and demand remain balanced, short-term price fluctuation is limited",-0.34
2026-02-25,"Bitcoin mining difficulty adjusts normally, the overall market maintains sideways consolidation",-0.34
2026-02-26,"BlackRock spot Bitcoin ETF gains approval from US SEC, massive institutional inflows expected",0.6705
2026-02-26,"Bitcoin daily trading volume keeps stable, no obvious bullish or bearish market news",0.0
2026-02-27,"Large cryptocurrency exchange suffers huge hacker attack, billions of user assets stolen",-0.7506
2026-02-27,"Bitcoin daily trading volume keeps stable, no obvious bullish or bearish market news",0.0
2026-02-28,Crypto industry conference held online without releasing new regulatory policies,0.0
2026-02-28,"EU releases strict crypto regulatory framework, limiting the circulation of digital currencies",0.0
2026-03-01,"EU releases strict crypto regulatory framework, limiting the circulation of digital currencies",0.0
2026-03-02,"Fidelity increases Bitcoin holdings in corporate treasury, institutions gradually accept crypto assets",0.6249
2026-03-02,Crypto industry conference held online without releasing new regulatory policies,0.0
2026-03-03,"Bitcoin daily trading volume keeps stable, no obvious bullish or bearish market news",0.0
2026-03-04,"BlackRock spot Bitcoin ETF gains approval from US SEC, massive institutional inflows expected",0.6705
2026-03-05,"Large cryptocurrency exchange suffers huge hacker attack, billions of user assets stolen",-0.7506
2026-03-06,"Large cryptocurrency exchange suffers huge hacker attack, billions of user assets stolen",-0.7506
2026-03-06,"Global inflation surges, more investors allocate Bitcoin as inflation hedging tool",0.0
2026-03-07,"EU releases strict crypto regulatory framework, limiting the circulation of digital currencies",0.0
2026-03-07,Crypto industry conference held online without releasing new regulatory policies,0.0
2026-03-08,"EU releases strict crypto regulatory framework, limiting the circulation of digital currencies",0.0
2026-03-08,"BlackRock spot Bitcoin ETF gains approval from US SEC, massive institutional inflows expected",0.6705
2026-03-09,"Fidelity increases Bitcoin holdings in corporate treasury, institutions gradually accept crypto assets",0.6249
2026-03-09,"Bitcoin mining difficulty adjusts normally, the overall market maintains sideways consolidation",-0.34
2026-03-10,"Fed raises interest rates sharply, risky assets including Bitcoin face continuous selling pressure",0.1779
2026-03-10,"Fed raises interest rates sharply, risky assets including Bitcoin face continuous selling pressure",0.1779
2026-03-11,"BlackRock spot Bitcoin ETF gains approval from US SEC, massive institutional inflows expected",0.6705
2026-03-11,"Global inflation surges, more investors allocate Bitcoin as inflation hedging tool",0.0
2026-03-12,Crypto industry conference held online without releasing new regulatory policies,0.0
2026-03-12,Major Wall Street banks launch crypto custody services for institutional clients,0.0
2026-03-13,Major Wall Street banks launch crypto custody services for institutional clients,0.0
2026-03-14,"Bitcoin daily trading volume keeps stable, no obvious bullish or bearish market news",0.0
2026-03-14,"US government bans unregulated crypto trading platforms, Bitcoin price plunges sharply",0.0
2026-03-15,"EU releases strict crypto regulatory framework, limiting the circulation of digital currencies",0.0
2026-03-15,"EU releases strict crypto regulatory framework, limiting the circulation of digital currencies",0.0
2026-03-16,"Global inflation surges, more investors allocate Bitcoin as inflation hedging tool",0.0
2026-03-16,"Bitcoin daily trading volume keeps stable, no obvious bullish or bearish market news",0.0
2026-03-17,"Large cryptocurrency exchange suffers huge hacker attack, billions of user assets stolen",-0.7506
2026-03-18,"Bitcoin daily trading volume keeps stable, no obvious bullish or bearish market news",0.0
2026-03-19,"Global inflation surges, more investors allocate Bitcoin as inflation hedging tool",0.0
2026-03-19,"Bitcoin market supply and demand remain balanced, short-term price fluctuation is limited",-0.34
2026-03-20,Major Wall Street banks launch crypto custody services for institutional clients,0.0
2026-03-20,"Fed raises interest rates sharply, risky assets including Bitcoin face continuous selling pressure",0.1779
2026-03-21,"US government bans unregulated crypto trading platforms, Bitcoin price plunges sharply",0.0
2026-03-21,"Fidelity increases Bitcoin holdings in corporate treasury, institutions gradually accept crypto assets",0.6249
2026-03-22,"Bitcoin mining difficulty adjusts normally, the overall market maintains sideways consolidation",-0.34
2026-03-23,"Bitcoin mining difficulty adjusts normally, the overall market maintains sideways consolidation",-0.34
2026-03-23,"Fed raises interest rates sharply, risky assets including Bitcoin face continuous selling pressure",0.1779
2026-03-24,"Bitcoin mining difficulty adjusts normally, the overall market maintains sideways consolidation",-0.34
2026-03-24,"EU releases strict crypto regulatory framework, limiting the circulation of digital currencies",0.0
2026-03-25,Major Wall Street banks launch crypto custody services for institutional clients,0.0
2026-03-25,"Large cryptocurrency exchange suffers huge hacker attack, billions of user assets stolen",-0.7506
2026-03-26,"Fidelity increases Bitcoin holdings in corporate treasury, institutions gradually accept crypto assets",0.6249
2026-03-27,"Bitcoin daily trading volume keeps stable, no obvious bullish or bearish market news",0.0
2026-03-28,"Bitcoin market supply and demand remain balanced, short-term price fluctuation is limited",-0.34
2026-03-28,"Global inflation surges, more investors allocate Bitcoin as inflation hedging tool",0.0
2026-03-29,"BlackRock spot Bitcoin ETF gains approval from US SEC, massive institutional inflows expected",0.6705
2026-03-29,"US government bans unregulated crypto trading platforms, Bitcoin price plunges sharply",0.0
2026-03-30,"US government bans unregulated crypto trading platforms, Bitcoin price plunges sharply",0.0
2026-03-30,"Bitcoin mining difficulty adjusts normally, the overall market maintains sideways consolidation",-0.34
2026-03-31,"US government bans unregulated crypto trading platforms, Bitcoin price plunges sharply",0.0
2026-04-01,"Large cryptocurrency exchange suffers huge hacker attack, billions of user assets stolen",-0.7506
2026-04-02,"Fed raises interest rates sharply, risky assets including Bitcoin face continuous selling pressure",0.1779
2026-04-02,Crypto industry conference held online without releasing new regulatory policies,0.0
2026-04-03,"Global inflation surges, more investors allocate Bitcoin as inflation hedging tool",0.0
2026-04-03,"Fed raises interest rates sharply, risky assets including Bitcoin face continuous selling pressure",0.1779
2026-04-04,"US government bans unregulated crypto trading platforms, Bitcoin price plunges sharply",0.0
2026-04-05,"Fidelity increases Bitcoin holdings in corporate treasury, institutions gradually accept crypto assets",0.6249
2026-04-06,"BlackRock spot Bitcoin ETF gains approval from US SEC, massive institutional inflows expected",0.6705
2026-04-07,"BlackRock spot Bitcoin ETF gains approval from US SEC, massive institutional inflows expected",0.6705
2026-04-08,"Fidelity increases Bitcoin holdings in corporate treasury, institutions gradually accept crypto assets",0.6249
2026-04-09,"Fed raises interest rates sharply, risky assets including Bitcoin face continuous selling pressure",0.1779
2026-04-09,"US government bans unregulated crypto trading platforms, Bitcoin price plunges sharply",0.0
2026-04-10,"Bitcoin mining difficulty adjusts normally, the overall market maintains sideways consolidation",-0.34
2026-04-11,"Fidelity increases Bitcoin holdings in corporate treasury, institutions gradually accept crypto assets",0.6249
2026-04-11,"Fed raises interest rates sharply, risky assets including Bitcoin face continuous selling pressure",0.1779
2026-04-12,Crypto industry conference held online without releasing new regulatory policies,0.0
2026-04-13,"US government bans unregulated crypto trading platforms, Bitcoin price plunges sharply",0.0
2026-04-14,"Large cryptocurrency exchange suffers huge hacker attack, billions of user assets stolen",-0.7506
2026-04-15,"US government bans unregulated crypto trading platforms, Bitcoin price plunges sharply",0.0
2026-04-16,"Global inflation surges, more investors allocate Bitcoin as inflation hedging tool",0.0
2026-04-17,"Bitcoin daily trading volume keeps stable, no obvious bullish or bearish market news",0.0
2026-04-18,Crypto industry conference held online without releasing new regulatory policies,0.0
2026-04-18,"Bitcoin market supply and demand remain balanced, short-term price fluctuation is limited",-0.34
2026-04-19,"Bitcoin mining difficulty adjusts normally, the overall market maintains sideways consolidation",-0.34
2026-04-20,"Bitcoin mining difficulty adjusts normally, the overall market maintains sideways consolidation",-0.34
2026-04-20,"EU releases strict crypto regulatory framework, limiting the circulation of digital currencies",0.0
2026-04-21,"Large cryptocurrency exchange suffers huge hacker attack, billions of user assets stolen",-0.7506
2026-04-22,"Bitcoin market supply and demand remain balanced, short-term price fluctuation is limited",-0.34
2026-04-22,"BlackRock spot Bitcoin ETF gains approval from US SEC, massive institutional inflows expected",0.6705
2026-04-23,Major Wall Street banks launch crypto custody services for institutional clients,0.0
2026-04-24,"Large cryptocurrency exchange suffers huge hacker attack, billions of user assets stolen",-0.7506
2026-04-24,"Bitcoin market supply and demand remain balanced, short-term price fluctuation is limited",-0.34
2026-04-25,"Bitcoin market supply and demand remain balanced, short-term price fluctuation is limited",-0.34
2026-04-26,"Bitcoin daily trading volume keeps stable, no obvious bullish or bearish market news",0.0
2026-04-27,"Bitcoin daily trading volume keeps stable, no obvious bullish or bearish market news",0.0
2026-04-28,Major Wall Street banks launch crypto custody services for institutional clients,0.0
2026-04-29,Crypto industry conference held online without releasing new regulatory policies,0.0
2026-04-30,"Global inflation surges, more investors allocate Bitcoin as inflation hedging tool",0.0
2026-04-30,"Fed raises interest rates sharply, risky assets including Bitcoin face continuous selling pressure",0.1779
2026-05-01,"BlackRock spot Bitcoin ETF gains approval from US SEC, massive institutional inflows expected",0.6705
2026-05-01,Crypto industry conference held online without releasing new regulatory policies,0.0
2026-05-02,Major Wall Street banks launch crypto custody services for institutional clients,0.0
2026-05-02,"Bitcoin daily trading volume keeps stable, no obvious bullish or bearish market news",0.0
2026-05-03,"Global inflation surges, more investors allocate Bitcoin as inflation hedging tool",0.0
2026-05-03,Crypto industry conference held online without releasing new regulatory policies,0.0
2026-05-04,"Fed raises interest rates sharply, risky assets including Bitcoin face continuous selling pressure",0.1779
2026-05-04,"EU releases strict crypto regulatory framework, limiting the circulation of digital currencies",0.0
2026-05-05,"Large cryptocurrency exchange suffers huge hacker attack, billions of user assets stolen",-0.7506
2026-05-06,Crypto industry conference held online without releasing new regulatory policies,0.0
2026-05-07,"US government bans unregulated crypto trading platforms, Bitcoin price plunges sharply",0.0
2026-05-08,"BlackRock spot Bitcoin ETF gains approval from US SEC, massive institutional inflows expected",0.6705
2026-05-08,Major Wall Street banks launch crypto custody services for institutional clients,0.0
2026-05-09,"US government bans unregulated crypto trading platforms, Bitcoin price plunges sharply",0.0
2026-05-10,"US government bans unregulated crypto trading platforms, Bitcoin price plunges sharply",0.0
2026-05-11,"Global inflation surges, more investors allocate Bitcoin as inflation hedging tool",0.0
2026-05-11,"EU releases strict crypto regulatory framework, limiting the circulation of digital currencies",0.0
2026-05-12,"BlackRock spot Bitcoin ETF gains approval from US SEC, massive institutional inflows expected",0.6705
2026-05-12,"BlackRock spot Bitcoin ETF gains approval from US SEC, massive institutional inflows expected",0.6705
2026-05-13,"Bitcoin market supply and demand remain balanced, short-term price fluctuation is limited",-0.34
2026-05-14,"Global inflation surges, more investors allocate Bitcoin as inflation hedging tool",0.0
2026-05-15,"Fidelity increases Bitcoin holdings in corporate treasury, institutions gradually accept crypto assets",0.6249
2026-05-16,"Bitcoin market supply and demand remain balanced, short-term price fluctuation is limited",-0.34
2026-05-16,"EU releases strict crypto regulatory framework, limiting the circulation of digital currencies",0.0
2026-05-17,"Bitcoin market supply and demand remain balanced, short-term price fluctuation is limited",-0.34
2026-05-18,"Bitcoin market supply and demand remain balanced, short-term price fluctuation is limited",-0.34
2026-05-18,"Global inflation surges, more investors allocate Bitcoin as inflation hedging tool",0.0
2026-05-19,"Bitcoin daily trading volume keeps stable, no obvious bullish or bearish market news",0.0
2026-05-19,"Bitcoin market supply and demand remain balanced, short-term price fluctuation is limited",-0.34
2026-05-20,Crypto industry conference held online without releasing new regulatory policies,0.0
2026-05-21,"Fed raises interest rates sharply, risky assets including Bitcoin face continuous selling pressure",0.1779
2026-05-22,"Bitcoin market supply and demand remain balanced, short-term price fluctuation is limited",-0.34
2026-05-22,"US government bans unregulated crypto trading platforms, Bitcoin price plunges sharply",0.0
2026-05-23,"Bitcoin market supply and demand remain balanced, short-term price fluctuation is limited",-0.34
2026-05-24,"Fidelity increases Bitcoin holdings in corporate treasury, institutions gradually accept crypto assets",0.6249
2026-05-24,Crypto industry conference held online without releasing new regulatory policies,0.0
2026-05-25,"US government bans unregulated crypto trading platforms, Bitcoin price plunges sharply",0.0
2026-05-25,"Fidelity increases Bitcoin holdings in corporate treasury, institutions gradually accept crypto assets",0.6249
2026-05-26,Major Wall Street banks launch crypto custody services for institutional clients,0.0
2026-05-27,Major Wall Street banks launch crypto custody services for institutional clients,0.0
2026-05-28,"BlackRock spot Bitcoin ETF gains approval from US SEC, massive institutional inflows expected",0.6705
2026-05-29,"BlackRock spot Bitcoin ETF gains approval from US SEC, massive institutional inflows expected",0.6705
2026-05-29,"Fed raises interest rates sharply, risky assets including Bitcoin face continuous selling pressure",0.1779
2026-05-30,"Fed raises interest rates sharply, risky assets including Bitcoin face continuous selling pressure",0.1779
2026-05-30,Major Wall Street banks launch crypto custody services for institutional clients,0.0
2026-05-31,"US government bans unregulated crypto trading platforms, Bitcoin price plunges sharply",0.0
2026-05-31,"Fidelity increases Bitcoin holdings in corporate treasury, institutions gradually accept crypto assets",0.6249
2026-06-01,"EU releases strict crypto regulatory framework, limiting the circulation of digital currencies",0.0
2026-06-01,"EU releases strict crypto regulatory framework, limiting the circulation of digital currencies",0.0
2026-06-02,"US government bans unregulated crypto trading platforms, Bitcoin price plunges sharply",0.0
2026-06-02,"Global inflation surges, more investors allocate Bitcoin as inflation hedging tool",0.0
2026-06-03,Crypto industry conference held online without releasing new regulatory policies,0.0
2026-06-03,"Fidelity increases Bitcoin holdings in corporate treasury, institutions gradually accept crypto assets",0.6249
2026-06-04,"Fed raises interest rates sharply, risky assets including Bitcoin face continuous selling pressure",0.1779
2026-06-04,"Global inflation surges, more investors allocate Bitcoin as inflation hedging tool",0.0
2026-06-05,"Global inflation surges, more investors allocate Bitcoin as inflation hedging tool",0.0
2026-06-06,Major Wall Street banks launch crypto custody services for institutional clients,0.0
2026-06-07,"Bitcoin mining difficulty adjusts normally, the overall market maintains sideways consolidation",-0.34
2026-06-08,"Global inflation surges, more investors allocate Bitcoin as inflation hedging tool",0.0
2026-06-09,"Bitcoin market supply and demand remain balanced, short-term price fluctuation is limited",-0.34
2026-06-10,Major Wall Street banks launch crypto custody services for institutional clients,0.0
2026-06-11,"BlackRock spot Bitcoin ETF gains approval from US SEC, massive institutional inflows expected",0.6705
2026-06-11,"Large cryptocurrency exchange suffers huge hacker attack, billions of user assets stolen",-0.7506
2026-06-12,"Bitcoin mining difficulty adjusts normally, the overall market maintains sideways consolidation",-0.34
2026-06-13,"Fed raises interest rates sharply, risky assets including Bitcoin face continuous selling pressure",0.1779
2026-06-14,"EU releases strict crypto regulatory framework, limiting the circulation of digital currencies",0.0
2026-06-15,"EU releases strict crypto regulatory framework, limiting the circulation of digital currencies",0.0
2026-06-15,"US government bans unregulated crypto trading platforms, Bitcoin price plunges sharply",0.0
2026-06-16,"BlackRock spot Bitcoin ETF gains approval from US SEC, massive institutional inflows expected",0.6705
2026-06-16,"Global inflation surges, more investors allocate Bitcoin as inflation hedging tool",0.0
2026-06-17,"Global inflation surges, more investors allocate Bitcoin as inflation hedging tool",0.0
2026-06-17,"EU releases strict crypto regulatory framework, limiting the circulation of digital currencies",0.0
2026-06-18,"Bitcoin mining difficulty adjusts normally, the overall market maintains sideways consolidation",-0.34
2026-06-19,"Global inflation surges, more investors allocate Bitcoin as inflation hedging tool",0.0
2026-06-19,"Large cryptocurrency exchange suffers huge hacker attack, billions of user assets stolen",-0.7506
2026-06-20,"Large cryptocurrency exchange suffers huge hacker attack, billions of user assets stolen",-0.7506
2026-06-21,"Bitcoin market supply and demand remain balanced, short-term price fluctuation is limited",-0.34
2026-06-21,"Bitcoin daily trading volume keeps stable, no obvious bullish or bearish market news",0.0
2026-06-22,"Bitcoin market supply and demand remain balanced, short-term price fluctuation is limited",-0.34
2026-06-23,"Fed raises interest rates sharply, risky assets including Bitcoin face continuous selling pressure",0.1779
2026-06-23,"Bitcoin mining difficulty adjusts normally, the overall market maintains sideways consolidation",-0.34
2026-06-24,"Fidelity increases Bitcoin holdings in corporate treasury, institutions gradually accept crypto assets",0.6249
2026-06-24,"Bitcoin daily trading volume keeps stable, no obvious bullish or bearish market news",0.0
2026-06-25,"Large cryptocurrency exchange suffers huge hacker attack, billions of user assets stolen",-0.7506
2026-06-25,Crypto industry conference held online without releasing new regulatory policies,0.0
2026-06-26,"Bitcoin market supply and demand remain balanced, short-term price fluctuation is limited",-0.34
2026-06-27,"Fed raises interest rates sharply, risky assets including Bitcoin face continuous selling pressure",0.1779
2026-06-28,"Bitcoin market supply and demand remain balanced, short-term price fluctuation is limited",-0.34
2026-06-28,"US government bans unregulated crypto trading platforms, Bitcoin price plunges sharply",0.0
2026-06-29,"Bitcoin market supply and demand remain balanced, short-term price fluctuation is limited",-0.34
2026-06-30,"Fed raises interest rates sharply, risky assets including Bitcoin face continuous selling pressure",0.1779
2026-07-01,Crypto industry conference held online without releasing new regulatory policies,0.0
2026-07-02,Crypto industry conference held online without releasing new regulatory policies,0.0
2026-07-03,"Bitcoin daily trading volume keeps stable, no obvious bullish or bearish market news",0.0
2026-07-03,"BlackRock spot Bitcoin ETF gains approval from US SEC, massive institutional inflows expected",0.6705
2026-07-04,"EU releases strict crypto regulatory framework, limiting the circulation of digital currencies",0.0
2026-07-04,"Large cryptocurrency exchange suffers huge hacker attack, billions of user assets stolen",-0.7506
2026-07-05,"BlackRock spot Bitcoin ETF gains approval from US SEC, massive institutional inflows expected",0.6705
2026-07-06,Crypto industry conference held online without releasing new regulatory policies,0.0
2026-07-06,Crypto industry conference held online without releasing new regulatory policies,0.0
2026-07-07,"Global inflation surges, more investors allocate Bitcoin as inflation hedging tool",0.0
2026-07-08,"Large cryptocurrency exchange suffers huge hacker attack, billions of user assets stolen",-0.7506
2026-07-08,"US government bans unregulated crypto trading platforms, Bitcoin price plunges sharply",0.0
2026-07-09,"Bitcoin daily trading volume keeps stable, no obvious bullish or bearish market news",0.0
2026-07-09,"EU releases strict crypto regulatory framework, limiting the circulation of digital currencies",0.0
2026-07-10,"Global inflation surges, more investors allocate Bitcoin as inflation hedging tool",0.0
2026-07-10,"Large cryptocurrency exchange suffers huge hacker attack, billions of user assets stolen",-0.7506
2026-07-11,Major Wall Street banks launch crypto custody services for institutional clients,0.0
2026-07-12,"BlackRock spot Bitcoin ETF gains approval from US SEC, massive institutional inflows expected",0.6705
2026-07-13,"Global inflation surges, more investors allocate Bitcoin as inflation hedging tool",0.0
2026-07-14,"Large cryptocurrency exchange suffers huge hacker attack, billions of user assets stolen",-0.7506
2026-07-15,"Fed raises interest rates sharply, risky assets including Bitcoin face continuous selling pressure",0.1779
2026-07-16,"Bitcoin mining difficulty adjusts normally, the overall market maintains sideways consolidation",-0.34
2026-07-17,"Bitcoin mining difficulty adjusts normally, the overall market maintains sideways consolidation",-0.34
2026-07-17,"Bitcoin mining difficulty adjusts normally, the overall market maintains sideways consolidation",-0.34
2026-07-18,"BlackRock spot Bitcoin ETF gains approval from US SEC, massive institutional inflows expected",0.6705
2026-07-18,"Fidelity increases Bitcoin holdings in corporate treasury, institutions gradually accept crypto assets",0.6249
2026-07-19,"Global inflation surges, more investors allocate Bitcoin as inflation hedging tool",0.0
2026-07-20,Crypto industry conference held online without releasing new regulatory policies,0.0
2026-07-20,"BlackRock spot Bitcoin ETF gains approval from US SEC, massive institutional inflows expected",0.6705
2026-07-21,"Fed raises interest rates sharply, risky assets including Bitcoin face continuous selling pressure",0.1779
2026-07-22,Crypto industry conference held online without releasing new regulatory policies,0.0
2026-07-22,"US government bans unregulated crypto trading platforms, Bitcoin price plunges sharply",0.0
2026-07-23,"Large cryptocurrency exchange suffers huge hacker attack, billions of user assets stolen",-0.7506
2026-07-23,Crypto industry conference held online without releasing new regulatory policies,0.0
